NAME,LTP,DC,DO,DH,DL,PDC,DATE_TIME,DATE_TODAY,HOUR,MIN
BSESEN,"38,321.19","37,880.40","37,994.48","38,337.71","37,961.08","37,880.40",2019-10-11 09:52:52,2019-10-11,09,52
HDFBAN,"1,220.00","1,199.95","1,213.00","1,224.10","1,209.60","1,199.95",2019-10-11 09:52:52,2019-10-11,09,52
RELPET,131.50,130.85,129.00,132.40,127.90,130.85,2019-10-11 09:52:52,2019-10-11,09,52
HDFC,"2,017.25","1,987.75","2,000.00","2,024.90","1,995.00","1,987.75",2019-10-11 09:52:52,2019-10-11,09,52
INFTEC,809.10,782.90,785.95,813.00,777.00,782.90,2019-10-11 09:52:52,2019-10-11,09,52
ICIBAN,431.70,423.70,429.40,433.30,427.70,423.70,2019-10-11 09:52:52,2019-10-11,09,52
ITC,244.20,242.95,243.00,246.20,242.95,242.95,2019-10-11 09:52:52,2019-10-11,09,52
TCS,"1,960.00","2,004.40","1,933.00","1,960.90","1,929.00","2,004.40",2019-10-11 09:52:52,2019-10-11,09,52
KOTMAH,"1,616.25","1,585.85","1,592.00","1,624.90","1,592.00","1,585.85",2019-10-11 09:52:52,2019-10-11,09,52
LARTOU,"1,447.20","1,425.35","1,432.40","1,449.90","1,430.65","1,425.35",2019-10-11 09:52:52,2019-10-11,09,52
HINLEV,"1,992.00","1,967.50","1,995.00","1,996.80","1,979.20","1,967.50",2019-10-11 09:52:52,2019-10-11,09,52
AXIBAN,683.45,672.90,675.10,685.90,675.10,672.90,2019-10-11 09:52:52,2019-10-11,09,52
STABAN,259.90,254.05,256.70,261.40,255.50,254.05,2019-10-11 09:52:52,2019-10-11,09,52
BAJFI,"4,003.00","3,948.45","3,973.00","4,015.00","3,969.00","3,948.45",2019-10-11 09:52:52,2019-10-11,09,52
MARUTI,"6,690.20","6,610.15","6,650.00","6,719.25","6,630.00","6,610.15",2019-10-11 09:52:52,2019-10-11,09,52
INDBA,"1,241.90","1,228.95","1,240.00","1,253.85","1,216.90","1,228.95",2019-10-11 09:52:52,2019-10-11,09,52
ASIPAI,"1,792.80","1,778.45","1,782.00","1,801.60","1,781.05","1,778.45",2019-10-11 09:52:52,2019-10-11,09,52
BHAAIR,374.00,377.40,376.40,377.40,372.55,377.40,2019-10-11 09:52:52,2019-10-11,09,52
HCLTEC,"1,088.00","1,063.65","1,057.80","1,088.00","1,042.50","1,063.65",2019-10-11 09:52:52,2019-10-11,09,52
TITIND,"1,229.70","1,235.00","1,240.00","1,241.15","1,228.75","1,235.00",2019-10-11 09:52:52,2019-10-11,09,52
MAHMAH,570.40,566.55,570.00,575.50,568.70,566.55,2019-10-11 09:52:52,2019-10-11,09,52
BAFINS,"8,300.50","8,201.45","8,224.00","8,328.70","8,224.00","8,201.45",2019-10-11 09:52:52,2019-10-11,09,52
NTPC,117.70,117.10,116.70,118.00,116.70,117.10,2019-10-11 09:52:52,2019-10-11,09,52
NESIND,"13,940.00","13,839.85","13,840.00","13,959.75","13,840.00","13,839.85",2019-10-11 09:52:52,2019-10-11,09,52
POWGRI,199.65,199.15,199.90,201.00,199.00,199.15,2019-10-11 09:52:52,2019-10-11,09,52
ULTCEM,"4,053.30","3,980.55","3,982.00","4,085.00","3,982.00","3,980.55",2019-10-11 09:52:52,2019-10-11,09,52
TECMAH,707.25,710.85,702.50,709.25,698.05,710.85,2019-10-11 09:52:52,2019-10-11,09,52
SUNPHA,383.30,386.95,386.95,388.90,382.25,386.95,2019-10-11 09:52:52,2019-10-11,09,52
ONGC,128.35,125.40,125.45,128.95,125.45,125.40,2019-10-11 09:52:52,2019-10-11,09,52
BAAUTO,"2,914.20","2,888.00","2,878.00","2,924.50","2,878.00","2,888.00",2019-10-11 09:52:52,2019-10-11,09,52
BHARAS,"5,805.80","5,658.30","5,800.00","5,805.80","5,800.00","5,658.30",2019-10-11 09:52:52,2019-10-11,09,52
INDOIL,147.40,148.10,148.00,148.90,146.35,148.10,2019-10-11 09:52:52,2019-10-11,09,52
COALIN,189.30,184.50,185.00,189.80,185.00,184.50,2019-10-11 09:52:52,2019-10-11,09,52
WIPRO,239.25,239.15,237.60,240.00,236.70,239.15,2019-10-11 09:52:52,2019-10-11,09,52
HERHON,"2,619.10","2,601.95","2,618.80","2,634.00","2,609.70","2,601.95",2019-10-11 09:52:52,2019-10-11,09,52
BRIIND,"3,075.00","3,037.45","3,049.00","3,089.60","3,038.10","3,037.45",2019-10-11 09:52:52,2019-10-11,09,52
UNIP,585.50,583.30,582.50,590.20,582.50,583.30,2019-10-11 09:52:52,2019-10-11,09,52
DRREDD,"2,625.00","2,633.45","2,652.35","2,654.85","2,607.80","2,633.45",2019-10-11 09:52:52,2019-10-11,09,52
ADAPOR,404.10,399.95,407.30,407.30,400.70,399.95,2019-10-11 09:52:52,2019-10-11,09,52
GRASIM,701.05,696.15,700.00,705.80,696.20,696.15,2019-10-11 09:52:52,2019-10-11,09,52
VEDLIM,146.85,141.35,142.90,148.20,142.25,141.35,2019-10-11 09:52:52,2019-10-11,09,52
HINDAL,188.25,182.35,184.95,189.05,183.80,182.35,2019-10-11 09:52:52,2019-10-11,09,52
TATSTE,340.50,329.70,333.25,342.50,333.25,329.70,2019-10-11 09:52:52,2019-10-11,09,52
EICMOT,"18,281.30","18,060.05","18,209.20","18,329.75","18,135.30","18,060.05",2019-10-11 09:52:52,2019-10-11,09,52
GAIL,127.90,127.40,127.40,128.60,127.30,127.40,2019-10-11 09:52:52,2019-10-11,09,52
JSWSTE,219.05,213.80,215.50,220.80,215.30,213.80,2019-10-11 09:52:52,2019-10-11,09,52
BHAINF,256.50,256.70,256.70,258.10,252.60,256.70,2019-10-11 09:52:52,2019-10-11,09,52
CIPLA,406.60,422.25,425.00,425.00,389.55,422.25,2019-10-11 09:52:52,2019-10-11,09,52
TATMOT,119.20,116.90,117.70,119.85,117.25,116.90,2019-10-11 09:52:52,2019-10-11,09,52
ZEEENT,241.80,244.95,246.00,249.30,239.65,244.95,2019-10-11 09:52:52,2019-10-11,09,52
YESBAN,41.30,40.95,41.00,41.95,41.00,40.95,2019-10-11 09:52:52,2019-10-11,09,52
BSESEN,"38,278.86","37,880.40","37,994.48","38,345.41","37,961.08","37,880.40",2019-10-11 10:24:24,2019-10-11,10,24
HDFBAN,"1,220.30","1,199.95","1,213.00","1,224.10","1,209.60","1,199.95",2019-10-11 10:24:24,2019-10-11,10,24
RELPET,131.50,130.85,129.00,132.40,127.90,130.85,2019-10-11 10:24:24,2019-10-11,10,24
HDFC,"2,016.00","1,987.75","2,000.00","2,024.90","1,995.00","1,987.75",2019-10-11 10:24:24,2019-10-11,10,24
INFTEC,807.75,782.90,785.95,813.00,777.00,782.90,2019-10-11 10:24:24,2019-10-11,10,24
ICIBAN,431.30,423.70,429.40,433.30,427.70,423.70,2019-10-11 10:24:24,2019-10-11,10,24
ITC,244.65,242.95,243.00,246.20,242.95,242.95,2019-10-11 10:24:24,2019-10-11,10,24
TCS,"1,954.85","2,004.40","1,933.00","1,960.90","1,929.00","2,004.40",2019-10-11 10:24:24,2019-10-11,10,24
KOTMAH,"1,618.65","1,585.85","1,592.00","1,624.90","1,592.00","1,585.85",2019-10-11 10:24:24,2019-10-11,10,24
LARTOU,"1,440.00","1,425.35","1,432.40","1,449.90","1,430.65","1,425.35",2019-10-11 10:24:24,2019-10-11,10,24
HINLEV,"1,990.10","1,967.50","1,995.00","1,997.00","1,979.20","1,967.50",2019-10-11 10:24:24,2019-10-11,10,24
AXIBAN,683.40,672.90,675.10,685.90,675.10,672.90,2019-10-11 10:24:24,2019-10-11,10,24
STABAN,258.80,254.05,256.70,261.40,255.50,254.05,2019-10-11 10:24:24,2019-10-11,10,24
BAJFI,"3,988.25","3,948.45","3,973.00","4,015.00","3,969.00","3,948.45",2019-10-11 10:24:24,2019-10-11,10,24
MARUTI,"6,688.00","6,610.15","6,650.00","6,719.25","6,630.00","6,610.15",2019-10-11 10:24:24,2019-10-11,10,24
INDBA,"1,223.55","1,228.95","1,240.00","1,253.85","1,212.00","1,228.95",2019-10-11 10:24:24,2019-10-11,10,24
ASIPAI,"1,795.00","1,778.45","1,782.00","1,801.60","1,781.05","1,778.45",2019-10-11 10:24:24,2019-10-11,10,24
BHAAIR,377.10,377.40,376.40,378.65,372.55,377.40,2019-10-11 10:24:24,2019-10-11,10,24
HCLTEC,"1,078.20","1,063.65","1,057.80","1,088.00","1,042.50","1,063.65",2019-10-11 10:24:24,2019-10-11,10,24
TITIND,"1,228.45","1,235.00","1,240.00","1,241.15","1,223.70","1,235.00",2019-10-11 10:24:24,2019-10-11,10,24
MAHMAH,566.75,566.55,570.00,575.50,566.45,566.55,2019-10-11 10:24:24,2019-10-11,10,24
BAFINS,"8,289.30","8,201.45","8,224.00","8,328.70","8,224.00","8,201.45",2019-10-11 10:24:24,2019-10-11,10,24
NTPC,117.55,117.10,116.70,118.25,116.70,117.10,2019-10-11 10:24:24,2019-10-11,10,24
NESIND,"13,939.00","13,839.85","13,840.00","13,974.95","13,840.00","13,839.85",2019-10-11 10:24:24,2019-10-11,10,24
POWGRI,203.15,199.15,199.90,204.15,199.00,199.15,2019-10-11 10:24:24,2019-10-11,10,24
ULTCEM,"4,031.95","3,980.55","3,982.00","4,085.00","3,982.00","3,980.55",2019-10-11 10:24:24,2019-10-11,10,24
TECMAH,706.55,710.85,702.50,709.25,698.05,710.85,2019-10-11 10:24:24,2019-10-11,10,24
SUNPHA,384.70,386.95,386.95,388.90,382.25,386.95,2019-10-11 10:24:24,2019-10-11,10,24
ONGC,128.50,125.40,125.45,128.95,125.45,125.40,2019-10-11 10:24:24,2019-10-11,10,24
BAAUTO,"2,910.00","2,888.00","2,878.00","2,924.50","2,878.00","2,888.00",2019-10-11 10:24:24,2019-10-11,10,24
BHARAS,"5,805.80","5,658.30","5,800.00","5,805.80","5,800.00","5,658.30",2019-10-11 10:24:24,2019-10-11,10,24
INDOIL,146.25,148.10,148.00,148.90,145.70,148.10,2019-10-11 10:24:24,2019-10-11,10,24
COALIN,188.85,184.50,185.00,190.20,185.00,184.50,2019-10-11 10:24:24,2019-10-11,10,24
WIPRO,239.25,239.15,237.60,240.00,236.70,239.15,2019-10-11 10:24:24,2019-10-11,10,24
HERHON,"2,613.00","2,601.95","2,618.80","2,634.00","2,603.70","2,601.95",2019-10-11 10:24:24,2019-10-11,10,24
BRIIND,"3,085.50","3,037.45","3,049.00","3,096.90","3,038.10","3,037.45",2019-10-11 10:24:24,2019-10-11,10,24
UNIP,586.60,583.30,582.50,590.20,582.50,583.30,2019-10-11 10:24:24,2019-10-11,10,24
DRREDD,"2,635.50","2,633.45","2,652.35","2,654.85","2,607.80","2,633.45",2019-10-11 10:24:24,2019-10-11,10,24
ADAPOR,401.00,399.95,407.30,407.30,400.70,399.95,2019-10-11 10:24:24,2019-10-11,10,24
GRASIM,696.80,696.15,700.00,705.80,696.20,696.15,2019-10-11 10:24:24,2019-10-11,10,24
VEDLIM,146.55,141.35,142.90,148.20,142.25,141.35,2019-10-11 10:24:24,2019-10-11,10,24
HINDAL,187.80,182.35,184.95,189.05,183.80,182.35,2019-10-11 10:24:24,2019-10-11,10,24
TATSTE,338.25,329.70,333.25,342.50,333.25,329.70,2019-10-11 10:24:24,2019-10-11,10,24
EICMOT,"18,232.75","18,060.05","18,209.20","18,329.75","18,135.30","18,060.05",2019-10-11 10:24:24,2019-10-11,10,24
GAIL,126.30,127.40,127.40,128.60,126.15,127.40,2019-10-11 10:24:24,2019-10-11,10,24
JSWSTE,218.15,213.80,215.50,220.80,215.30,213.80,2019-10-11 10:24:24,2019-10-11,10,24
BHAINF,256.30,256.70,256.70,258.10,252.60,256.70,2019-10-11 10:24:24,2019-10-11,10,24
CIPLA,418.00,422.25,425.00,425.00,389.55,422.25,2019-10-11 10:24:24,2019-10-11,10,24
TATMOT,119.30,116.90,117.70,119.85,117.25,116.90,2019-10-11 10:24:24,2019-10-11,10,24
ZEEENT,238.00,244.95,246.00,249.30,236.30,244.95,2019-10-11 10:24:24,2019-10-11,10,24
YESBAN,41.20,40.95,41.00,41.95,41.00,40.95,2019-10-11 10:24:24,2019-10-11,10,24
BSESEN,"37,916.79","37,880.40","37,994.48","38,345.41","37,737.85","37,880.40",2019-10-11 10:55:50,2019-10-11,10,55
HDFBAN,"1,199.60","1,199.95","1,213.00","1,224.10","1,189.10","1,199.95",2019-10-11 10:55:50,2019-10-11,10,55
RELPET,131.50,130.85,129.00,132.40,127.90,130.85,2019-10-11 10:55:50,2019-10-11,10,55
HDFC,"1,994.45","1,987.75","2,000.00","2,024.90","1,980.80","1,987.75",2019-10-11 10:55:50,2019-10-11,10,55
INFTEC,801.75,782.90,785.95,813.00,777.00,782.90,2019-10-11 10:55:50,2019-10-11,10,55
ICIBAN,425.15,423.70,429.40,433.30,422.15,423.70,2019-10-11 10:55:50,2019-10-11,10,55
ITC,242.40,242.95,243.00,246.20,241.25,242.95,2019-10-11 10:55:50,2019-10-11,10,55
TCS,"1,955.35","2,004.40","1,933.00","1,960.90","1,929.00","2,004.40",2019-10-11 10:55:50,2019-10-11,10,55
KOTMAH,"1,588.00","1,585.85","1,592.00","1,624.90","1,578.05","1,585.85",2019-10-11 10:55:50,2019-10-11,10,55
LARTOU,"1,425.65","1,425.35","1,432.40","1,449.90","1,420.50","1,425.35",2019-10-11 10:55:50,2019-10-11,10,55
HINLEV,"1,990.00","1,967.50","1,995.00","1,998.00","1,976.90","1,967.50",2019-10-11 10:55:50,2019-10-11,10,55
AXIBAN,674.70,672.90,675.10,685.90,668.70,672.90,2019-10-11 10:55:50,2019-10-11,10,55
STABAN,254.45,254.05,256.70,261.40,251.60,254.05,2019-10-11 10:55:50,2019-10-11,10,55
BAJFI,"3,961.65","3,948.45","3,973.00","4,015.00","3,925.20","3,948.45",2019-10-11 10:55:50,2019-10-11,10,55
MARUTI,"6,665.00","6,610.15","6,650.00","6,719.25","6,630.00","6,610.15",2019-10-11 10:55:50,2019-10-11,10,55
INDBA,"1,204.70","1,228.95","1,240.00","1,253.85","1,193.60","1,228.95",2019-10-11 10:55:50,2019-10-11,10,55
ASIPAI,"1,785.00","1,778.45","1,782.00","1,801.60","1,778.85","1,778.45",2019-10-11 10:55:50,2019-10-11,10,55
BHAAIR,377.35,377.40,376.40,380.00,372.55,377.40,2019-10-11 10:55:50,2019-10-11,10,55
HCLTEC,"1,084.90","1,063.65","1,057.80","1,088.00","1,042.50","1,063.65",2019-10-11 10:55:50,2019-10-11,10,55
TITIND,"1,223.50","1,235.00","1,240.00","1,241.15","1,215.10","1,235.00",2019-10-11 10:55:50,2019-10-11,10,55
MAHMAH,561.25,566.55,570.00,575.50,558.50,566.55,2019-10-11 10:55:50,2019-10-11,10,55
BAFINS,"8,203.15","8,201.45","8,224.00","8,328.70","8,147.40","8,201.45",2019-10-11 10:55:50,2019-10-11,10,55
NTPC,117.20,117.10,116.70,118.25,116.70,117.10,2019-10-11 10:55:50,2019-10-11,10,55
NESIND,"13,905.55","13,839.85","13,840.00","13,990.00","13,840.00","13,839.85",2019-10-11 10:55:50,2019-10-11,10,55
POWGRI,202.00,199.15,199.90,204.15,199.00,199.15,2019-10-11 10:55:50,2019-10-11,10,55
ULTCEM,"4,005.95","3,980.55","3,982.00","4,085.00","3,970.00","3,980.55",2019-10-11 10:55:50,2019-10-11,10,55
TECMAH,704.85,710.85,702.50,709.25,698.05,710.85,2019-10-11 10:55:50,2019-10-11,10,55
SUNPHA,383.05,386.95,386.95,388.90,381.60,386.95,2019-10-11 10:55:50,2019-10-11,10,55
ONGC,128.80,125.40,125.45,129.65,125.45,125.40,2019-10-11 10:55:50,2019-10-11,10,55
BAAUTO,"2,898.05","2,888.00","2,878.00","2,924.50","2,878.00","2,888.00",2019-10-11 10:55:50,2019-10-11,10,55
BHARAS,"5,714.65","5,658.30","5,800.00","5,805.80","5,700.00","5,658.30",2019-10-11 10:55:50,2019-10-11,10,55
INDOIL,146.25,148.10,148.00,148.90,145.55,148.10,2019-10-11 10:55:50,2019-10-11,10,55
COALIN,188.70,184.50,185.00,190.20,185.00,184.50,2019-10-11 10:55:50,2019-10-11,10,55
WIPRO,238.70,239.15,237.60,240.00,236.70,239.15,2019-10-11 10:55:50,2019-10-11,10,55
HERHON,"2,585.60","2,601.95","2,618.80","2,634.00","2,568.90","2,601.95",2019-10-11 10:55:50,2019-10-11,10,55
BRIIND,"3,083.00","3,037.45","3,049.00","3,096.90","3,038.10","3,037.45",2019-10-11 10:55:50,2019-10-11,10,55
UNIP,583.50,583.30,582.50,590.20,581.00,583.30,2019-10-11 10:55:50,2019-10-11,10,55
DRREDD,"2,630.90","2,633.45","2,652.35","2,654.85","2,607.80","2,633.45",2019-10-11 10:55:50,2019-10-11,10,55
ADAPOR,399.00,399.95,407.30,407.30,396.10,399.95,2019-10-11 10:55:50,2019-10-11,10,55
GRASIM,694.80,696.15,700.00,705.80,688.25,696.15,2019-10-11 10:55:50,2019-10-11,10,55
VEDLIM,144.40,141.35,142.90,148.20,142.25,141.35,2019-10-11 10:55:50,2019-10-11,10,55
HINDAL,188.50,182.35,184.95,189.05,183.80,182.35,2019-10-11 10:55:50,2019-10-11,10,55
TATSTE,335.50,329.70,333.25,342.50,332.05,329.70,2019-10-11 10:55:50,2019-10-11,10,55
EICMOT,"18,077.45","18,060.05","18,209.20","18,329.75","17,934.00","18,060.05",2019-10-11 10:55:50,2019-10-11,10,55
GAIL,126.15,127.40,127.40,128.60,125.65,127.40,2019-10-11 10:55:50,2019-10-11,10,55
JSWSTE,215.80,213.80,215.50,220.80,214.20,213.80,2019-10-11 10:55:50,2019-10-11,10,55
BHAINF,255.35,256.70,256.70,258.10,252.60,256.70,2019-10-11 10:55:50,2019-10-11,10,55
CIPLA,416.00,422.25,425.00,425.00,389.55,422.25,2019-10-11 10:55:50,2019-10-11,10,55
TATMOT,118.10,116.90,117.70,119.85,117.25,116.90,2019-10-11 10:55:50,2019-10-11,10,55
ZEEENT,238.15,244.95,246.00,249.30,236.30,244.95,2019-10-11 10:55:50,2019-10-11,10,55
YESBAN,39.15,40.95,41.00,41.95,38.10,40.95,2019-10-11 10:55:50,2019-10-11,10,55
BSESEN,"38,028.96","37,880.40","37,994.48","38,345.41","37,737.85","37,880.40",2019-10-11 11:27:25,2019-10-11,11,27
HDFBAN,"1,201.65","1,199.95","1,213.00","1,224.10","1,189.10","1,199.95",2019-10-11 11:27:25,2019-10-11,11,27
RELPET,131.50,130.85,129.00,132.40,127.90,130.85,2019-10-11 11:27:25,2019-10-11,11,27
HDFC,"1,999.20","1,987.75","2,000.00","2,024.90","1,980.80","1,987.75",2019-10-11 11:27:25,2019-10-11,11,27
INFTEC,807.65,782.90,785.95,813.00,777.00,782.90,2019-10-11 11:27:25,2019-10-11,11,27
ICIBAN,427.70,423.70,429.40,433.30,422.15,423.70,2019-10-11 11:27:25,2019-10-11,11,27
ITC,243.20,242.95,243.00,246.20,241.25,242.95,2019-10-11 11:27:25,2019-10-11,11,27
TCS,"1,974.00","2,004.40","1,933.00","1,974.00","1,929.00","2,004.40",2019-10-11 11:27:25,2019-10-11,11,27
KOTMAH,"1,592.10","1,585.85","1,592.00","1,624.90","1,578.05","1,585.85",2019-10-11 11:27:25,2019-10-11,11,27
LARTOU,"1,430.00","1,425.35","1,432.40","1,449.90","1,420.50","1,425.35",2019-10-11 11:27:25,2019-10-11,11,27
HINLEV,"1,990.50","1,967.50","1,995.00","1,998.00","1,976.90","1,967.50",2019-10-11 11:27:25,2019-10-11,11,27
AXIBAN,677.10,672.90,675.10,685.90,668.70,672.90,2019-10-11 11:27:25,2019-10-11,11,27
STABAN,254.75,254.05,256.70,261.40,251.60,254.05,2019-10-11 11:27:25,2019-10-11,11,27
BAJFI,"3,960.35","3,948.45","3,973.00","4,015.00","3,925.20","3,948.45",2019-10-11 11:27:25,2019-10-11,11,27
MARUTI,"6,688.15","6,610.15","6,650.00","6,719.25","6,630.00","6,610.15",2019-10-11 11:27:25,2019-10-11,11,27
INDBA,"1,204.55","1,228.95","1,240.00","1,253.85","1,192.00","1,228.95",2019-10-11 11:27:25,2019-10-11,11,27
ASIPAI,"1,783.70","1,778.45","1,782.00","1,801.60","1,778.85","1,778.45",2019-10-11 11:27:25,2019-10-11,11,27
BHAAIR,378.90,377.40,376.40,380.00,372.55,377.40,2019-10-11 11:27:25,2019-10-11,11,27
HCLTEC,"1,083.25","1,063.65","1,057.80","1,089.85","1,042.50","1,063.65",2019-10-11 11:27:25,2019-10-11,11,27
TITIND,"1,231.70","1,235.00","1,240.00","1,241.15","1,215.10","1,235.00",2019-10-11 11:27:25,2019-10-11,11,27
MAHMAH,559.30,566.55,570.00,575.50,558.50,566.55,2019-10-11 11:27:25,2019-10-11,11,27
BAFINS,"8,199.50","8,201.45","8,224.00","8,328.70","8,147.40","8,201.45",2019-10-11 11:27:25,2019-10-11,11,27
NTPC,117.05,117.10,116.70,118.25,116.65,117.10,2019-10-11 11:27:25,2019-10-11,11,27
NESIND,"13,904.40","13,839.85","13,840.00","13,990.00","13,840.00","13,839.85",2019-10-11 11:27:25,2019-10-11,11,27
POWGRI,202.30,199.15,199.90,204.15,199.00,199.15,2019-10-11 11:27:25,2019-10-11,11,27
ULTCEM,"4,015.00","3,980.55","3,982.00","4,085.00","3,970.00","3,980.55",2019-10-11 11:27:25,2019-10-11,11,27
TECMAH,710.00,710.85,702.50,711.60,698.05,710.85,2019-10-11 11:27:25,2019-10-11,11,27
SUNPHA,383.35,386.95,386.95,388.90,381.60,386.95,2019-10-11 11:27:25,2019-10-11,11,27
ONGC,128.85,125.40,125.45,129.65,125.45,125.40,2019-10-11 11:27:25,2019-10-11,11,27
BAAUTO,"2,899.90","2,888.00","2,878.00","2,924.50","2,878.00","2,888.00",2019-10-11 11:27:25,2019-10-11,11,27
BHARAS,"5,691.00","5,658.30","5,800.00","5,805.80","5,691.00","5,658.30",2019-10-11 11:27:25,2019-10-11,11,27
INDOIL,144.55,148.10,148.00,148.90,143.95,148.10,2019-10-11 11:27:25,2019-10-11,11,27
COALIN,189.55,184.50,185.00,190.20,185.00,184.50,2019-10-11 11:27:25,2019-10-11,11,27
WIPRO,239.10,239.15,237.60,240.00,236.70,239.15,2019-10-11 11:27:25,2019-10-11,11,27
HERHON,"2,589.00","2,601.95","2,618.80","2,634.00","2,568.90","2,601.95",2019-10-11 11:27:25,2019-10-11,11,27
BRIIND,"3,077.90","3,037.45","3,049.00","3,096.90","3,038.10","3,037.45",2019-10-11 11:27:25,2019-10-11,11,27
UNIP,587.50,583.30,582.50,590.20,581.00,583.30,2019-10-11 11:27:25,2019-10-11,11,27
DRREDD,"2,631.00","2,633.45","2,652.35","2,654.85","2,607.80","2,633.45",2019-10-11 11:27:25,2019-10-11,11,27
ADAPOR,401.30,399.95,407.30,407.30,396.10,399.95,2019-10-11 11:27:25,2019-10-11,11,27
GRASIM,695.25,696.15,700.00,705.80,688.25,696.15,2019-10-11 11:27:25,2019-10-11,11,27
VEDLIM,144.35,141.35,142.90,148.20,142.25,141.35,2019-10-11 11:27:25,2019-10-11,11,27
HINDAL,187.30,182.35,184.95,189.05,183.80,182.35,2019-10-11 11:27:25,2019-10-11,11,27
TATSTE,335.20,329.70,333.25,342.50,332.05,329.70,2019-10-11 11:27:25,2019-10-11,11,27
EICMOT,"18,140.00","18,060.05","18,209.20","18,329.75","17,934.00","18,060.05",2019-10-11 11:27:25,2019-10-11,11,27
GAIL,126.00,127.40,127.40,128.60,125.45,127.40,2019-10-11 11:27:25,2019-10-11,11,27
JSWSTE,215.45,213.80,215.50,220.80,212.80,213.80,2019-10-11 11:27:25,2019-10-11,11,27
BHAINF,256.65,256.70,256.70,258.10,252.60,256.70,2019-10-11 11:27:25,2019-10-11,11,27
CIPLA,416.60,422.25,425.00,425.00,389.55,422.25,2019-10-11 11:27:25,2019-10-11,11,27
TATMOT,118.70,116.90,117.70,119.85,117.25,116.90,2019-10-11 11:27:25,2019-10-11,11,27
ZEEENT,244.50,244.95,246.00,249.30,235.10,244.95,2019-10-11 11:27:25,2019-10-11,11,27
YESBAN,37.85,40.95,41.00,41.95,37.00,40.95,2019-10-11 11:27:25,2019-10-11,11,27
BSESEN,"37,920.74","37,880.40","37,994.48","38,345.41","37,737.85","37,880.40",2019-10-11 11:58:49,2019-10-11,11,58
HDFBAN,"1,195.20","1,199.95","1,213.00","1,224.10","1,189.10","1,199.95",2019-10-11 11:58:49,2019-10-11,11,58
RELPET,131.50,130.85,129.00,132.40,127.90,130.85,2019-10-11 11:58:49,2019-10-11,11,58
HDFC,"1,997.20","1,987.75","2,000.00","2,024.90","1,980.80","1,987.75",2019-10-11 11:58:49,2019-10-11,11,58
INFTEC,807.15,782.90,785.95,813.00,777.00,782.90,2019-10-11 11:58:49,2019-10-11,11,58
ICIBAN,425.75,423.70,429.40,433.30,422.15,423.70,2019-10-11 11:58:49,2019-10-11,11,58
ITC,243.50,242.95,243.00,246.20,241.25,242.95,2019-10-11 11:58:49,2019-10-11,11,58
TCS,"1,978.60","2,004.40","1,933.00","1,981.30","1,929.00","2,004.40",2019-10-11 11:58:49,2019-10-11,11,58
KOTMAH,"1,580.60","1,585.85","1,592.00","1,624.90","1,575.75","1,585.85",2019-10-11 11:58:49,2019-10-11,11,58
LARTOU,"1,425.60","1,425.35","1,432.40","1,449.90","1,420.50","1,425.35",2019-10-11 11:58:49,2019-10-11,11,58
HINLEV,"1,994.55","1,967.50","1,995.00","1,998.00","1,976.90","1,967.50",2019-10-11 11:58:49,2019-10-11,11,58
AXIBAN,673.40,672.90,675.10,685.90,668.70,672.90,2019-10-11 11:58:49,2019-10-11,11,58
STABAN,254.15,254.05,256.70,261.40,251.60,254.05,2019-10-11 11:58:49,2019-10-11,11,58
BAJFI,"3,932.10","3,948.45","3,973.00","4,015.00","3,925.20","3,948.45",2019-10-11 11:58:49,2019-10-11,11,58
MARUTI,"6,668.95","6,610.15","6,650.00","6,719.25","6,630.00","6,610.15",2019-10-11 11:58:49,2019-10-11,11,58
INDBA,"1,203.35","1,228.95","1,240.00","1,253.85","1,192.00","1,228.95",2019-10-11 11:58:49,2019-10-11,11,58
ASIPAI,"1,773.15","1,778.45","1,782.00","1,801.60","1,764.55","1,778.45",2019-10-11 11:58:49,2019-10-11,11,58
BHAAIR,378.20,377.40,376.40,380.00,372.55,377.40,2019-10-11 11:58:49,2019-10-11,11,58
HCLTEC,"1,083.75","1,063.65","1,057.80","1,089.85","1,042.50","1,063.65",2019-10-11 11:58:49,2019-10-11,11,58
TITIND,"1,230.95","1,235.00","1,240.00","1,241.15","1,215.10","1,235.00",2019-10-11 11:58:49,2019-10-11,11,58
MAHMAH,558.00,566.55,570.00,575.50,555.80,566.55,2019-10-11 11:58:49,2019-10-11,11,58
BAFINS,"8,136.00","8,201.45","8,224.00","8,328.70","8,133.85","8,201.45",2019-10-11 11:58:49,2019-10-11,11,58
NTPC,116.80,117.10,116.70,118.25,116.65,117.10,2019-10-11 11:58:49,2019-10-11,11,58
NESIND,"13,910.00","13,839.85","13,840.00","13,990.00","13,840.00","13,839.85",2019-10-11 11:58:49,2019-10-11,11,58
POWGRI,203.05,199.15,199.90,204.15,199.00,199.15,2019-10-11 11:58:49,2019-10-11,11,58
ULTCEM,"4,036.35","3,980.55","3,982.00","4,085.00","3,970.00","3,980.55",2019-10-11 11:58:49,2019-10-11,11,58
TECMAH,713.20,710.85,702.50,714.00,698.05,710.85,2019-10-11 11:58:49,2019-10-11,11,58
SUNPHA,384.20,386.95,386.95,388.90,381.60,386.95,2019-10-11 11:58:49,2019-10-11,11,58
ONGC,127.65,125.40,125.45,129.65,125.45,125.40,2019-10-11 11:58:49,2019-10-11,11,58
BAAUTO,"2,889.55","2,888.00","2,878.00","2,924.50","2,878.00","2,888.00",2019-10-11 11:58:49,2019-10-11,11,58
BHARAS,"5,691.00","5,658.30","5,800.00","5,805.80","5,691.00","5,658.30",2019-10-11 11:58:49,2019-10-11,11,58
INDOIL,142.85,148.10,148.00,148.90,140.75,148.10,2019-10-11 11:58:49,2019-10-11,11,58
COALIN,187.80,184.50,185.00,190.20,185.00,184.50,2019-10-11 11:58:49,2019-10-11,11,58
WIPRO,238.60,239.15,237.60,240.00,236.70,239.15,2019-10-11 11:58:49,2019-10-11,11,58
HERHON,"2,583.90","2,601.95","2,618.80","2,634.00","2,568.90","2,601.95",2019-10-11 11:58:49,2019-10-11,11,58
BRIIND,"3,068.10","3,037.45","3,049.00","3,096.90","3,038.10","3,037.45",2019-10-11 11:58:49,2019-10-11,11,58
UNIP,589.90,583.30,582.50,591.70,581.00,583.30,2019-10-11 11:58:49,2019-10-11,11,58
DRREDD,"2,637.40","2,633.45","2,652.35","2,654.85","2,607.80","2,633.45",2019-10-11 11:58:49,2019-10-11,11,58
ADAPOR,402.00,399.95,407.30,407.30,396.10,399.95,2019-10-11 11:58:49,2019-10-11,11,58
GRASIM,692.75,696.15,700.00,705.80,688.25,696.15,2019-10-11 11:58:49,2019-10-11,11,58
VEDLIM,143.15,141.35,142.90,148.20,142.25,141.35,2019-10-11 11:58:49,2019-10-11,11,58
HINDAL,186.00,182.35,184.95,189.05,183.80,182.35,2019-10-11 11:58:49,2019-10-11,11,58
TATSTE,334.15,329.70,333.25,342.50,332.05,329.70,2019-10-11 11:58:49,2019-10-11,11,58
EICMOT,"18,101.55","18,060.05","18,209.20","18,329.75","17,934.00","18,060.05",2019-10-11 11:58:49,2019-10-11,11,58
GAIL,125.60,127.40,127.40,128.60,125.40,127.40,2019-10-11 11:58:49,2019-10-11,11,58
JSWSTE,214.40,213.80,215.50,220.80,212.80,213.80,2019-10-11 11:58:49,2019-10-11,11,58
BHAINF,256.45,256.70,256.70,258.10,252.60,256.70,2019-10-11 11:58:49,2019-10-11,11,58
CIPLA,426.70,422.25,425.00,434.00,389.55,422.25,2019-10-11 11:58:49,2019-10-11,11,58
TATMOT,118.30,116.90,117.70,119.85,117.25,116.90,2019-10-11 11:58:49,2019-10-11,11,58
ZEEENT,243.50,244.95,246.00,249.30,235.10,244.95,2019-10-11 11:58:49,2019-10-11,11,58
YESBAN,38.00,40.95,41.00,41.95,37.00,40.95,2019-10-11 11:58:49,2019-10-11,11,58
BSESEN,"37,959.83","37,880.40","37,994.48","38,345.41","37,737.85","37,880.40",2019-10-11 12:30:17,2019-10-11,12,30
HDFBAN,"1,200.50","1,199.95","1,213.00","1,224.10","1,189.10","1,199.95",2019-10-11 12:30:17,2019-10-11,12,30
RELPET,131.50,130.85,129.00,132.40,127.90,130.85,2019-10-11 12:30:17,2019-10-11,12,30
HDFC,"2,007.40","1,987.75","2,000.00","2,024.90","1,980.80","1,987.75",2019-10-11 12:30:17,2019-10-11,12,30
INFTEC,803.05,782.90,785.95,813.00,777.00,782.90,2019-10-11 12:30:17,2019-10-11,12,30
ICIBAN,426.50,423.70,429.40,433.30,422.15,423.70,2019-10-11 12:30:17,2019-10-11,12,30
ITC,243.75,242.95,243.00,246.20,241.25,242.95,2019-10-11 12:30:17,2019-10-11,12,30
TCS,"1,977.35","2,004.40","1,933.00","1,984.85","1,929.00","2,004.40",2019-10-11 12:30:17,2019-10-11,12,30
KOTMAH,"1,581.70","1,585.85","1,592.00","1,624.90","1,575.75","1,585.85",2019-10-11 12:30:17,2019-10-11,12,30
LARTOU,"1,427.15","1,425.35","1,432.40","1,449.90","1,420.50","1,425.35",2019-10-11 12:30:17,2019-10-11,12,30
HINLEV,"1,999.05","1,967.50","1,995.00","2,000.50","1,976.90","1,967.50",2019-10-11 12:30:17,2019-10-11,12,30
AXIBAN,671.70,672.90,675.10,685.90,668.70,672.90,2019-10-11 12:30:17,2019-10-11,12,30
STABAN,254.00,254.05,256.70,261.40,251.60,254.05,2019-10-11 12:30:17,2019-10-11,12,30
BAJFI,"3,949.00","3,948.45","3,973.00","4,015.00","3,925.20","3,948.45",2019-10-11 12:30:17,2019-10-11,12,30
MARUTI,"6,662.75","6,610.15","6,650.00","6,719.25","6,630.00","6,610.15",2019-10-11 12:30:17,2019-10-11,12,30
INDBA,"1,204.45","1,228.95","1,240.00","1,253.85","1,192.00","1,228.95",2019-10-11 12:30:17,2019-10-11,12,30
ASIPAI,"1,775.80","1,778.45","1,782.00","1,801.60","1,764.55","1,778.45",2019-10-11 12:30:17,2019-10-11,12,30
BHAAIR,379.55,377.40,376.40,380.00,372.55,377.40,2019-10-11 12:30:17,2019-10-11,12,30
HCLTEC,"1,079.00","1,063.65","1,057.80","1,089.85","1,042.50","1,063.65",2019-10-11 12:30:17,2019-10-11,12,30
TITIND,"1,234.05","1,235.00","1,240.00","1,241.15","1,215.10","1,235.00",2019-10-11 12:30:17,2019-10-11,12,30
MAHMAH,557.30,566.55,570.00,575.50,555.80,566.55,2019-10-11 12:30:17,2019-10-11,12,30
BAFINS,"8,150.00","8,201.45","8,224.00","8,328.70","8,106.00","8,201.45",2019-10-11 12:30:17,2019-10-11,12,30
NTPC,116.50,117.10,116.70,118.25,116.45,117.10,2019-10-11 12:30:17,2019-10-11,12,30
NESIND,"13,910.50","13,839.85","13,840.00","13,990.00","13,840.00","13,839.85",2019-10-11 12:30:17,2019-10-11,12,30
POWGRI,201.50,199.15,199.90,204.15,199.00,199.15,2019-10-11 12:30:17,2019-10-11,12,30
ULTCEM,"4,051.00","3,980.55","3,982.00","4,085.00","3,970.00","3,980.55",2019-10-11 12:30:17,2019-10-11,12,30
TECMAH,713.50,710.85,702.50,714.90,698.05,710.85,2019-10-11 12:30:17,2019-10-11,12,30
SUNPHA,383.05,386.95,386.95,388.90,381.60,386.95,2019-10-11 12:30:17,2019-10-11,12,30
ONGC,127.90,125.40,125.45,129.65,125.45,125.40,2019-10-11 12:30:17,2019-10-11,12,30
BAAUTO,"2,892.80","2,888.00","2,878.00","2,924.50","2,878.00","2,888.00",2019-10-11 12:30:17,2019-10-11,12,30
BHARAS,"5,691.00","5,658.30","5,800.00","5,805.80","5,691.00","5,658.30",2019-10-11 12:30:17,2019-10-11,12,30
INDOIL,142.40,148.10,148.00,148.90,140.75,148.10,2019-10-11 12:30:17,2019-10-11,12,30
COALIN,187.20,184.50,185.00,190.20,185.00,184.50,2019-10-11 12:30:17,2019-10-11,12,30
WIPRO,238.55,239.15,237.60,240.00,236.70,239.15,2019-10-11 12:30:17,2019-10-11,12,30
HERHON,"2,580.70","2,601.95","2,618.80","2,634.00","2,568.90","2,601.95",2019-10-11 12:30:17,2019-10-11,12,30
BRIIND,"3,074.00","3,037.45","3,049.00","3,096.90","3,038.10","3,037.45",2019-10-11 12:30:17,2019-10-11,12,30
UNIP,590.50,583.30,582.50,591.70,581.00,583.30,2019-10-11 12:30:17,2019-10-11,12,30
DRREDD,"2,628.45","2,633.45","2,652.35","2,654.85","2,607.80","2,633.45",2019-10-11 12:30:17,2019-10-11,12,30
ADAPOR,403.00,399.95,407.30,407.30,396.10,399.95,2019-10-11 12:30:17,2019-10-11,12,30
GRASIM,691.20,696.15,700.00,705.80,688.25,696.15,2019-10-11 12:30:17,2019-10-11,12,30
VEDLIM,143.95,141.35,142.90,148.20,142.25,141.35,2019-10-11 12:30:17,2019-10-11,12,30
HINDAL,185.20,182.35,184.95,189.05,183.80,182.35,2019-10-11 12:30:17,2019-10-11,12,30
TATSTE,335.00,329.70,333.25,342.50,332.05,329.70,2019-10-11 12:30:17,2019-10-11,12,30
EICMOT,"18,123.45","18,060.05","18,209.20","18,329.75","17,934.00","18,060.05",2019-10-11 12:30:17,2019-10-11,12,30
GAIL,125.35,127.40,127.40,128.60,125.00,127.40,2019-10-11 12:30:17,2019-10-11,12,30
JSWSTE,215.10,213.80,215.50,220.80,212.80,213.80,2019-10-11 12:30:17,2019-10-11,12,30
BHAINF,256.95,256.70,256.70,258.10,252.60,256.70,2019-10-11 12:30:17,2019-10-11,12,30
CIPLA,430.00,422.25,425.00,434.00,389.55,422.25,2019-10-11 12:30:17,2019-10-11,12,30
TATMOT,118.35,116.90,117.70,119.85,117.25,116.90,2019-10-11 12:30:17,2019-10-11,12,30
ZEEENT,243.00,244.95,246.00,249.30,235.10,244.95,2019-10-11 12:30:17,2019-10-11,12,30
YESBAN,38.50,40.95,41.00,41.95,37.00,40.95,2019-10-11 12:30:17,2019-10-11,12,30
BSESEN,"38,022.02","37,880.40","37,994.48","38,345.41","37,737.85","37,880.40",2019-10-11 13:01:44,2019-10-11,13,01
HDFBAN,"1,205.80","1,199.95","1,213.00","1,224.10","1,189.10","1,199.95",2019-10-11 13:01:44,2019-10-11,13,01
RELPET,131.50,130.85,129.00,132.40,127.90,130.85,2019-10-11 13:01:44,2019-10-11,13,01
HDFC,"2,003.35","1,987.75","2,000.00","2,024.90","1,980.80","1,987.75",2019-10-11 13:01:44,2019-10-11,13,01
INFTEC,804.00,782.90,785.95,813.00,777.00,782.90,2019-10-11 13:01:44,2019-10-11,13,01
ICIBAN,428.50,423.70,429.40,433.30,422.15,423.70,2019-10-11 13:01:44,2019-10-11,13,01
ITC,243.40,242.95,243.00,246.20,241.25,242.95,2019-10-11 13:01:44,2019-10-11,13,01
TCS,"1,978.05","2,004.40","1,933.00","1,984.85","1,929.00","2,004.40",2019-10-11 13:01:44,2019-10-11,13,01
KOTMAH,"1,595.05","1,585.85","1,592.00","1,624.90","1,575.75","1,585.85",2019-10-11 13:01:44,2019-10-11,13,01
LARTOU,"1,429.00","1,425.35","1,432.40","1,449.90","1,420.50","1,425.35",2019-10-11 13:01:44,2019-10-11,13,01
HINLEV,"1,994.80","1,967.50","1,995.00","2,005.35","1,976.90","1,967.50",2019-10-11 13:01:44,2019-10-11,13,01
AXIBAN,674.85,672.90,675.10,685.90,668.70,672.90,2019-10-11 13:01:44,2019-10-11,13,01
STABAN,254.75,254.05,256.70,261.40,251.60,254.05,2019-10-11 13:01:44,2019-10-11,13,01
BAJFI,"3,963.00","3,948.45","3,973.00","4,015.00","3,925.20","3,948.45",2019-10-11 13:01:44,2019-10-11,13,01
MARUTI,"6,660.00","6,610.15","6,650.00","6,719.25","6,630.00","6,610.15",2019-10-11 13:01:44,2019-10-11,13,01
INDBA,"1,218.00","1,228.95","1,240.00","1,253.85","1,192.00","1,228.95",2019-10-11 13:01:44,2019-10-11,13,01
ASIPAI,"1,776.75","1,778.45","1,782.00","1,801.60","1,764.55","1,778.45",2019-10-11 13:01:44,2019-10-11,13,01
BHAAIR,379.85,377.40,376.40,381.90,372.55,377.40,2019-10-11 13:01:44,2019-10-11,13,01
HCLTEC,"1,079.00","1,063.65","1,057.80","1,089.85","1,042.50","1,063.65",2019-10-11 13:01:44,2019-10-11,13,01
TITIND,"1,233.10","1,235.00","1,240.00","1,241.15","1,215.10","1,235.00",2019-10-11 13:01:44,2019-10-11,13,01
MAHMAH,555.85,566.55,570.00,575.50,554.30,566.55,2019-10-11 13:01:44,2019-10-11,13,01
BAFINS,"8,177.00","8,201.45","8,224.00","8,328.70","8,106.00","8,201.45",2019-10-11 13:01:44,2019-10-11,13,01
NTPC,116.25,117.10,116.70,118.25,115.95,117.10,2019-10-11 13:01:44,2019-10-11,13,01
NESIND,"13,934.20","13,839.85","13,840.00","13,990.00","13,840.00","13,839.85",2019-10-11 13:01:44,2019-10-11,13,01
POWGRI,201.30,199.15,199.90,204.15,199.00,199.15,2019-10-11 13:01:44,2019-10-11,13,01
ULTCEM,"4,060.50","3,980.55","3,982.00","4,085.00","3,970.00","3,980.55",2019-10-11 13:01:44,2019-10-11,13,01
TECMAH,714.55,710.85,702.50,715.40,698.05,710.85,2019-10-11 13:01:44,2019-10-11,13,01
SUNPHA,383.80,386.95,386.95,388.90,381.60,386.95,2019-10-11 13:01:44,2019-10-11,13,01
ONGC,127.80,125.40,125.45,129.65,125.45,125.40,2019-10-11 13:01:44,2019-10-11,13,01
BAAUTO,"2,901.20","2,888.00","2,878.00","2,924.50","2,878.00","2,888.00",2019-10-11 13:01:44,2019-10-11,13,01
BHARAS,"5,689.90","5,658.30","5,800.00","5,805.80","5,689.90","5,658.30",2019-10-11 13:01:44,2019-10-11,13,01
INDOIL,143.00,148.10,148.00,148.90,140.75,148.10,2019-10-11 13:01:44,2019-10-11,13,01
COALIN,186.75,184.50,185.00,190.20,185.00,184.50,2019-10-11 13:01:44,2019-10-11,13,01
WIPRO,238.65,239.15,237.60,240.00,236.70,239.15,2019-10-11 13:01:44,2019-10-11,13,01
HERHON,"2,589.00","2,601.95","2,618.80","2,634.00","2,568.90","2,601.95",2019-10-11 13:01:44,2019-10-11,13,01
BRIIND,"3,074.00","3,037.45","3,049.00","3,096.90","3,038.10","3,037.45",2019-10-11 13:01:44,2019-10-11,13,01
UNIP,592.50,583.30,582.50,592.50,581.00,583.30,2019-10-11 13:01:44,2019-10-11,13,01
DRREDD,"2,630.10","2,633.45","2,652.35","2,654.85","2,607.80","2,633.45",2019-10-11 13:01:44,2019-10-11,13,01
ADAPOR,404.20,399.95,407.30,407.30,396.10,399.95,2019-10-11 13:01:44,2019-10-11,13,01
GRASIM,691.15,696.15,700.00,705.80,688.25,696.15,2019-10-11 13:01:44,2019-10-11,13,01
VEDLIM,143.15,141.35,142.90,148.20,141.30,141.35,2019-10-11 13:01:44,2019-10-11,13,01
HINDAL,185.20,182.35,184.95,189.05,183.80,182.35,2019-10-11 13:01:44,2019-10-11,13,01
TATSTE,335.05,329.70,333.25,342.50,332.05,329.70,2019-10-11 13:01:44,2019-10-11,13,01
EICMOT,"18,148.90","18,060.05","18,209.20","18,329.75","17,934.00","18,060.05",2019-10-11 13:01:44,2019-10-11,13,01
GAIL,125.10,127.40,127.40,128.60,124.70,127.40,2019-10-11 13:01:44,2019-10-11,13,01
JSWSTE,215.65,213.80,215.50,220.80,212.80,213.80,2019-10-11 13:01:44,2019-10-11,13,01
BHAINF,257.55,256.70,256.70,258.10,252.60,256.70,2019-10-11 13:01:44,2019-10-11,13,01
CIPLA,432.35,422.25,425.00,434.00,389.55,422.25,2019-10-11 13:01:44,2019-10-11,13,01
TATMOT,118.65,116.90,117.70,119.85,117.25,116.90,2019-10-11 13:01:44,2019-10-11,13,01
ZEEENT,243.00,244.95,246.00,249.30,235.10,244.95,2019-10-11 13:01:44,2019-10-11,13,01
YESBAN,38.85,40.95,41.00,41.95,37.00,40.95,2019-10-11 13:01:44,2019-10-11,13,01
BSESEN,"38,003.30","37,880.40","37,994.48","38,345.41","37,737.85","37,880.40",2019-10-11 13:33:05,2019-10-11,13,33
HDFBAN,"1,201.35","1,199.95","1,213.00","1,224.10","1,189.10","1,199.95",2019-10-11 13:33:05,2019-10-11,13,33
RELPET,131.50,130.85,129.00,132.40,127.90,130.85,2019-10-11 13:33:05,2019-10-11,13,33
HDFC,"2,006.20","1,987.75","2,000.00","2,024.90","1,980.80","1,987.75",2019-10-11 13:33:05,2019-10-11,13,33
INFTEC,805.20,782.90,785.95,813.00,777.00,782.90,2019-10-11 13:33:05,2019-10-11,13,33
ICIBAN,427.50,423.70,429.40,433.30,422.15,423.70,2019-10-11 13:33:05,2019-10-11,13,33
ITC,244.20,242.95,243.00,246.20,241.25,242.95,2019-10-11 13:33:05,2019-10-11,13,33
TCS,"1,978.90","2,004.40","1,933.00","1,984.85","1,929.00","2,004.40",2019-10-11 13:33:05,2019-10-11,13,33
KOTMAH,"1,585.10","1,585.85","1,592.00","1,624.90","1,575.75","1,585.85",2019-10-11 13:33:05,2019-10-11,13,33
LARTOU,"1,429.40","1,425.35","1,432.40","1,449.90","1,420.50","1,425.35",2019-10-11 13:33:05,2019-10-11,13,33
HINLEV,"2,003.30","1,967.50","1,995.00","2,005.35","1,976.90","1,967.50",2019-10-11 13:33:05,2019-10-11,13,33
AXIBAN,672.15,672.90,675.10,685.90,668.70,672.90,2019-10-11 13:33:05,2019-10-11,13,33
STABAN,254.45,254.05,256.70,261.40,251.60,254.05,2019-10-11 13:33:05,2019-10-11,13,33
BAJFI,"3,950.00","3,948.45","3,973.00","4,015.00","3,925.20","3,948.45",2019-10-11 13:33:05,2019-10-11,13,33
MARUTI,"6,658.00","6,610.15","6,650.00","6,719.25","6,630.00","6,610.15",2019-10-11 13:33:05,2019-10-11,13,33
INDBA,"1,207.45","1,228.95","1,240.00","1,253.85","1,192.00","1,228.95",2019-10-11 13:33:05,2019-10-11,13,33
ASIPAI,"1,779.00","1,778.45","1,782.00","1,801.60","1,764.55","1,778.45",2019-10-11 13:33:05,2019-10-11,13,33
BHAAIR,377.55,377.40,376.40,381.90,372.55,377.40,2019-10-11 13:33:05,2019-10-11,13,33
HCLTEC,"1,079.00","1,063.65","1,057.80","1,089.85","1,042.50","1,063.65",2019-10-11 13:33:05,2019-10-11,13,33
TITIND,"1,235.00","1,235.00","1,240.00","1,241.15","1,215.10","1,235.00",2019-10-11 13:33:05,2019-10-11,13,33
MAHMAH,555.65,566.55,570.00,575.50,554.30,566.55,2019-10-11 13:33:05,2019-10-11,13,33
BAFINS,"8,177.35","8,201.45","8,224.00","8,328.70","8,106.00","8,201.45",2019-10-11 13:33:05,2019-10-11,13,33
NTPC,116.50,117.10,116.70,118.25,115.95,117.10,2019-10-11 13:33:05,2019-10-11,13,33
NESIND,"13,940.05","13,839.85","13,840.00","13,990.00","13,840.00","13,839.85",2019-10-11 13:33:05,2019-10-11,13,33
POWGRI,201.00,199.15,199.90,204.15,199.00,199.15,2019-10-11 13:33:05,2019-10-11,13,33
ULTCEM,"4,068.00","3,980.55","3,982.00","4,085.00","3,970.00","3,980.55",2019-10-11 13:33:05,2019-10-11,13,33
TECMAH,715.75,710.85,702.50,717.60,698.05,710.85,2019-10-11 13:33:05,2019-10-11,13,33
SUNPHA,383.70,386.95,386.95,388.90,381.60,386.95,2019-10-11 13:33:05,2019-10-11,13,33
ONGC,128.35,125.40,125.45,129.65,125.45,125.40,2019-10-11 13:33:05,2019-10-11,13,33
BAAUTO,"2,895.75","2,888.00","2,878.00","2,924.50","2,878.00","2,888.00",2019-10-11 13:33:05,2019-10-11,13,33
BHARAS,"5,661.10","5,658.30","5,800.00","5,805.80","5,661.10","5,658.30",2019-10-11 13:33:05,2019-10-11,13,33
INDOIL,143.60,148.10,148.00,148.90,140.75,148.10,2019-10-11 13:33:05,2019-10-11,13,33
COALIN,187.55,184.50,185.00,190.20,185.00,184.50,2019-10-11 13:33:05,2019-10-11,13,33
WIPRO,238.70,239.15,237.60,240.00,236.70,239.15,2019-10-11 13:33:05,2019-10-11,13,33
HERHON,"2,587.45","2,601.95","2,618.80","2,634.00","2,568.90","2,601.95",2019-10-11 13:33:05,2019-10-11,13,33
BRIIND,"3,077.20","3,037.45","3,049.00","3,096.90","3,038.10","3,037.45",2019-10-11 13:33:05,2019-10-11,13,33
UNIP,589.70,583.30,582.50,593.00,581.00,583.30,2019-10-11 13:33:05,2019-10-11,13,33
DRREDD,"2,632.65","2,633.45","2,652.35","2,654.85","2,607.80","2,633.45",2019-10-11 13:33:05,2019-10-11,13,33
ADAPOR,407.75,399.95,407.30,408.90,396.10,399.95,2019-10-11 13:33:05,2019-10-11,13,33
GRASIM,699.20,696.15,700.00,705.80,688.25,696.15,2019-10-11 13:33:05,2019-10-11,13,33
VEDLIM,143.85,141.35,142.90,148.20,141.30,141.35,2019-10-11 13:33:05,2019-10-11,13,33
HINDAL,184.70,182.35,184.95,189.05,183.80,182.35,2019-10-11 13:33:05,2019-10-11,13,33
TATSTE,335.60,329.70,333.25,342.50,332.05,329.70,2019-10-11 13:33:05,2019-10-11,13,33
EICMOT,"18,137.45","18,060.05","18,209.20","18,329.75","17,934.00","18,060.05",2019-10-11 13:33:05,2019-10-11,13,33
GAIL,125.55,127.40,127.40,128.60,124.70,127.40,2019-10-11 13:33:05,2019-10-11,13,33
JSWSTE,215.30,213.80,215.50,220.80,212.80,213.80,2019-10-11 13:33:05,2019-10-11,13,33
BHAINF,257.35,256.70,256.70,258.10,252.60,256.70,2019-10-11 13:33:05,2019-10-11,13,33
CIPLA,435.95,422.25,425.00,437.40,389.55,422.25,2019-10-11 13:33:05,2019-10-11,13,33
TATMOT,119.25,116.90,117.70,119.85,117.25,116.90,2019-10-11 13:33:05,2019-10-11,13,33
ZEEENT,241.85,244.95,246.00,249.30,235.10,244.95,2019-10-11 13:33:05,2019-10-11,13,33
YESBAN,38.90,40.95,41.00,41.95,37.00,40.95,2019-10-11 13:33:05,2019-10-11,13,33
BSESEN,"38,212.75","37,880.40","37,994.48","38,345.41","37,737.85","37,880.40",2019-10-11 14:04:34,2019-10-11,14,04
HDFBAN,"1,208.25","1,199.95","1,213.00","1,224.10","1,189.10","1,199.95",2019-10-11 14:04:34,2019-10-11,14,04
RELPET,131.50,130.85,129.00,132.40,127.90,130.85,2019-10-11 14:04:34,2019-10-11,14,04
HDFC,"2,020.45","1,987.75","2,000.00","2,024.90","1,980.80","1,987.75",2019-10-11 14:04:34,2019-10-11,14,04
INFTEC,805.55,782.90,785.95,813.00,777.00,782.90,2019-10-11 14:04:34,2019-10-11,14,04
ICIBAN,430.10,423.70,429.40,433.30,422.15,423.70,2019-10-11 14:04:34,2019-10-11,14,04
ITC,244.95,242.95,243.00,246.20,241.25,242.95,2019-10-11 14:04:34,2019-10-11,14,04
TCS,"1,987.85","2,004.40","1,933.00","1,994.40","1,929.00","2,004.40",2019-10-11 14:04:34,2019-10-11,14,04
KOTMAH,"1,599.05","1,585.85","1,592.00","1,624.90","1,575.75","1,585.85",2019-10-11 14:04:34,2019-10-11,14,04
LARTOU,"1,431.50","1,425.35","1,432.40","1,449.90","1,420.50","1,425.35",2019-10-11 14:04:34,2019-10-11,14,04
HINLEV,"2,013.30","1,967.50","1,995.00","2,015.40","1,976.90","1,967.50",2019-10-11 14:04:34,2019-10-11,14,04
AXIBAN,675.35,672.90,675.10,685.90,668.70,672.90,2019-10-11 14:04:34,2019-10-11,14,04
STABAN,257.10,254.05,256.70,261.40,251.60,254.05,2019-10-11 14:04:34,2019-10-11,14,04
BAJFI,"3,983.20","3,948.45","3,973.00","4,015.00","3,925.20","3,948.45",2019-10-11 14:04:34,2019-10-11,14,04
MARUTI,"6,708.45","6,610.15","6,650.00","6,719.25","6,630.00","6,610.15",2019-10-11 14:04:34,2019-10-11,14,04
INDBA,"1,230.00","1,228.95","1,240.00","1,253.85","1,192.00","1,228.95",2019-10-11 14:04:34,2019-10-11,14,04
ASIPAI,"1,786.80","1,778.45","1,782.00","1,801.60","1,764.55","1,778.45",2019-10-11 14:04:34,2019-10-11,14,04
BHAAIR,378.00,377.40,376.40,381.90,372.55,377.40,2019-10-11 14:04:34,2019-10-11,14,04
HCLTEC,"1,079.95","1,063.65","1,057.80","1,089.85","1,042.50","1,063.65",2019-10-11 14:04:34,2019-10-11,14,04
TITIND,"1,245.10","1,235.00","1,240.00","1,246.60","1,215.10","1,235.00",2019-10-11 14:04:34,2019-10-11,14,04
MAHMAH,559.15,566.55,570.00,575.50,554.30,566.55,2019-10-11 14:04:34,2019-10-11,14,04
BAFINS,"8,225.00","8,201.45","8,224.00","8,328.70","8,106.00","8,201.45",2019-10-11 14:04:34,2019-10-11,14,04
NTPC,116.70,117.10,116.70,118.25,115.95,117.10,2019-10-11 14:04:34,2019-10-11,14,04
NESIND,"13,971.80","13,839.85","13,840.00","13,990.00","13,840.00","13,839.85",2019-10-11 14:04:34,2019-10-11,14,04
POWGRI,201.50,199.15,199.90,204.15,199.00,199.15,2019-10-11 14:04:34,2019-10-11,14,04
ULTCEM,"4,096.10","3,980.55","3,982.00","4,098.80","3,970.00","3,980.55",2019-10-11 14:04:34,2019-10-11,14,04
TECMAH,723.00,710.85,702.50,723.75,698.05,710.85,2019-10-11 14:04:34,2019-10-11,14,04
SUNPHA,384.20,386.95,386.95,388.90,381.60,386.95,2019-10-11 14:04:34,2019-10-11,14,04
ONGC,129.20,125.40,125.45,129.65,125.45,125.40,2019-10-11 14:04:34,2019-10-11,14,04
BAAUTO,"2,905.05","2,888.00","2,878.00","2,924.50","2,878.00","2,888.00",2019-10-11 14:04:34,2019-10-11,14,04
BHARAS,"5,661.10","5,658.30","5,800.00","5,805.80","5,661.10","5,658.30",2019-10-11 14:04:34,2019-10-11,14,04
INDOIL,145.05,148.10,148.00,148.90,140.75,148.10,2019-10-11 14:04:34,2019-10-11,14,04
COALIN,188.15,184.50,185.00,190.20,185.00,184.50,2019-10-11 14:04:34,2019-10-11,14,04
WIPRO,238.90,239.15,237.60,240.00,236.70,239.15,2019-10-11 14:04:34,2019-10-11,14,04
HERHON,"2,610.45","2,601.95","2,618.80","2,634.00","2,568.90","2,601.95",2019-10-11 14:04:34,2019-10-11,14,04
BRIIND,"3,082.00","3,037.45","3,049.00","3,096.90","3,038.10","3,037.45",2019-10-11 14:04:34,2019-10-11,14,04
UNIP,591.50,583.30,582.50,593.00,581.00,583.30,2019-10-11 14:04:34,2019-10-11,14,04
DRREDD,"2,647.00","2,633.45","2,652.35","2,654.85","2,607.80","2,633.45",2019-10-11 14:04:34,2019-10-11,14,04
ADAPOR,407.50,399.95,407.30,408.90,396.10,399.95,2019-10-11 14:04:34,2019-10-11,14,04
GRASIM,699.10,696.15,700.00,705.80,688.25,696.15,2019-10-11 14:04:34,2019-10-11,14,04
VEDLIM,144.60,141.35,142.90,148.20,141.30,141.35,2019-10-11 14:04:34,2019-10-11,14,04
HINDAL,186.45,182.35,184.95,189.05,183.80,182.35,2019-10-11 14:04:34,2019-10-11,14,04
TATSTE,338.00,329.70,333.25,342.50,332.05,329.70,2019-10-11 14:04:34,2019-10-11,14,04
EICMOT,"18,281.40","18,060.05","18,209.20","18,329.75","17,934.00","18,060.05",2019-10-11 14:04:34,2019-10-11,14,04
GAIL,125.20,127.40,127.40,128.60,124.70,127.40,2019-10-11 14:04:34,2019-10-11,14,04
JSWSTE,217.00,213.80,215.50,220.80,212.80,213.80,2019-10-11 14:04:34,2019-10-11,14,04
BHAINF,257.60,256.70,256.70,258.10,252.60,256.70,2019-10-11 14:04:34,2019-10-11,14,04
CIPLA,436.40,422.25,425.00,441.60,389.55,422.25,2019-10-11 14:04:34,2019-10-11,14,04
TATMOT,121.10,116.90,117.70,121.50,117.25,116.90,2019-10-11 14:04:34,2019-10-11,14,04
ZEEENT,244.00,244.95,246.00,249.30,235.10,244.95,2019-10-11 14:04:34,2019-10-11,14,04
YESBAN,39.45,40.95,41.00,41.95,37.00,40.95,2019-10-11 14:04:34,2019-10-11,14,04
BSESEN,"38,064.32","37,880.40","37,994.48","38,345.41","37,737.85","37,880.40",2019-10-11 14:36:06,2019-10-11,14,36
HDFBAN,"1,199.70","1,199.95","1,213.00","1,224.10","1,189.10","1,199.95",2019-10-11 14:36:06,2019-10-11,14,36
RELPET,131.50,130.85,129.00,132.40,127.90,130.85,2019-10-11 14:36:06,2019-10-11,14,36
HDFC,"2,005.65","1,987.75","2,000.00","2,024.90","1,980.80","1,987.75",2019-10-11 14:36:06,2019-10-11,14,36
INFTEC,803.60,782.90,785.95,813.00,777.00,782.90,2019-10-11 14:36:06,2019-10-11,14,36
ICIBAN,428.00,423.70,429.40,433.30,422.15,423.70,2019-10-11 14:36:06,2019-10-11,14,36
ITC,244.80,242.95,243.00,246.20,241.25,242.95,2019-10-11 14:36:06,2019-10-11,14,36
TCS,"1,984.40","2,004.40","1,933.00","1,994.40","1,929.00","2,004.40",2019-10-11 14:36:06,2019-10-11,14,36
KOTMAH,"1,585.00","1,585.85","1,592.00","1,624.90","1,575.75","1,585.85",2019-10-11 14:36:06,2019-10-11,14,36
LARTOU,"1,429.00","1,425.35","1,432.40","1,449.90","1,420.50","1,425.35",2019-10-11 14:36:06,2019-10-11,14,36
HINLEV,"2,007.00","1,967.50","1,995.00","2,016.00","1,976.90","1,967.50",2019-10-11 14:36:06,2019-10-11,14,36
AXIBAN,670.90,672.90,675.10,685.90,668.70,672.90,2019-10-11 14:36:06,2019-10-11,14,36
STABAN,255.35,254.05,256.70,261.40,251.60,254.05,2019-10-11 14:36:06,2019-10-11,14,36
BAJFI,"3,969.05","3,948.45","3,973.00","4,015.00","3,925.20","3,948.45",2019-10-11 14:36:06,2019-10-11,14,36
MARUTI,"6,699.60","6,610.15","6,650.00","6,719.25","6,630.00","6,610.15",2019-10-11 14:36:06,2019-10-11,14,36
INDBA,"1,221.50","1,228.95","1,240.00","1,253.85","1,192.00","1,228.95",2019-10-11 14:36:06,2019-10-11,14,36
ASIPAI,"1,784.15","1,778.45","1,782.00","1,801.60","1,764.55","1,778.45",2019-10-11 14:36:06,2019-10-11,14,36
BHAAIR,379.90,377.40,376.40,381.90,372.55,377.40,2019-10-11 14:36:06,2019-10-11,14,36
HCLTEC,"1,076.85","1,063.65","1,057.80","1,089.85","1,042.50","1,063.65",2019-10-11 14:36:06,2019-10-11,14,36
TITIND,"1,245.65","1,235.00","1,240.00","1,249.00","1,215.10","1,235.00",2019-10-11 14:36:06,2019-10-11,14,36
MAHMAH,559.75,566.55,570.00,575.50,554.30,566.55,2019-10-11 14:36:06,2019-10-11,14,36
BAFINS,"8,190.00","8,201.45","8,224.00","8,328.70","8,106.00","8,201.45",2019-10-11 14:36:06,2019-10-11,14,36
NTPC,116.75,117.10,116.70,118.25,115.95,117.10,2019-10-11 14:36:06,2019-10-11,14,36
NESIND,"14,021.00","13,839.85","13,840.00","14,059.10","13,840.00","13,839.85",2019-10-11 14:36:06,2019-10-11,14,36
POWGRI,201.40,199.15,199.90,204.15,199.00,199.15,2019-10-11 14:36:06,2019-10-11,14,36
ULTCEM,"4,078.80","3,980.55","3,982.00","4,098.80","3,970.00","3,980.55",2019-10-11 14:36:06,2019-10-11,14,36
TECMAH,720.00,710.85,702.50,723.75,698.05,710.85,2019-10-11 14:36:06,2019-10-11,14,36
SUNPHA,382.90,386.95,386.95,388.90,381.60,386.95,2019-10-11 14:36:06,2019-10-11,14,36
ONGC,129.00,125.40,125.45,129.80,125.45,125.40,2019-10-11 14:36:06,2019-10-11,14,36
BAAUTO,"2,894.80","2,888.00","2,878.00","2,924.50","2,878.00","2,888.00",2019-10-11 14:36:06,2019-10-11,14,36
BHARAS,"5,674.70","5,658.30","5,800.00","5,805.80","5,661.10","5,658.30",2019-10-11 14:36:06,2019-10-11,14,36
INDOIL,144.50,148.10,148.00,148.90,140.75,148.10,2019-10-11 14:36:06,2019-10-11,14,36
COALIN,187.55,184.50,185.00,190.20,185.00,184.50,2019-10-11 14:36:06,2019-10-11,14,36
WIPRO,238.30,239.15,237.60,240.00,236.70,239.15,2019-10-11 14:36:06,2019-10-11,14,36
HERHON,"2,597.00","2,601.95","2,618.80","2,634.00","2,568.90","2,601.95",2019-10-11 14:36:06,2019-10-11,14,36
BRIIND,"3,081.00","3,037.45","3,049.00","3,096.90","3,038.10","3,037.45",2019-10-11 14:36:06,2019-10-11,14,36
UNIP,590.00,583.30,582.50,593.00,581.00,583.30,2019-10-11 14:36:06,2019-10-11,14,36
DRREDD,"2,640.80","2,633.45","2,652.35","2,654.85","2,607.80","2,633.45",2019-10-11 14:36:06,2019-10-11,14,36
ADAPOR,406.50,399.95,407.30,408.90,396.10,399.95,2019-10-11 14:36:06,2019-10-11,14,36
GRASIM,692.20,696.15,700.00,705.80,688.25,696.15,2019-10-11 14:36:06,2019-10-11,14,36
VEDLIM,143.65,141.35,142.90,148.20,141.30,141.35,2019-10-11 14:36:06,2019-10-11,14,36
HINDAL,186.50,182.35,184.95,189.05,183.80,182.35,2019-10-11 14:36:06,2019-10-11,14,36
TATSTE,335.75,329.70,333.25,342.50,332.05,329.70,2019-10-11 14:36:06,2019-10-11,14,36
EICMOT,"18,266.00","18,060.05","18,209.20","18,329.75","17,934.00","18,060.05",2019-10-11 14:36:06,2019-10-11,14,36
GAIL,125.10,127.40,127.40,128.60,124.70,127.40,2019-10-11 14:36:06,2019-10-11,14,36
JSWSTE,216.55,213.80,215.50,220.80,212.80,213.80,2019-10-11 14:36:06,2019-10-11,14,36
BHAINF,257.20,256.70,256.70,258.10,252.60,256.70,2019-10-11 14:36:06,2019-10-11,14,36
CIPLA,435.85,422.25,425.00,441.60,389.55,422.25,2019-10-11 14:36:06,2019-10-11,14,36
TATMOT,121.10,116.90,117.70,122.15,117.25,116.90,2019-10-11 14:36:06,2019-10-11,14,36
ZEEENT,242.25,244.95,246.00,249.30,235.10,244.95,2019-10-11 14:36:06,2019-10-11,14,36
YESBAN,39.40,40.95,41.00,41.95,37.00,40.95,2019-10-11 14:36:06,2019-10-11,14,36
BSESEN,"38,135.44","37,880.40","37,994.48","38,345.41","37,737.85","37,880.40",2019-10-11 15:07:30,2019-10-11,15,07
HDFBAN,"1,198.85","1,199.95","1,213.00","1,224.10","1,189.10","1,199.95",2019-10-11 15:07:30,2019-10-11,15,07
RELPET,131.50,130.85,129.00,132.40,127.90,130.85,2019-10-11 15:07:30,2019-10-11,15,07
HDFC,"2,009.00","1,987.75","2,000.00","2,024.90","1,980.80","1,987.75",2019-10-11 15:07:30,2019-10-11,15,07
INFTEC,819.35,782.90,785.95,819.60,777.00,782.90,2019-10-11 15:07:30,2019-10-11,15,07
ICIBAN,428.00,423.70,429.40,433.30,422.15,423.70,2019-10-11 15:07:30,2019-10-11,15,07
ITC,243.80,242.95,243.00,246.20,241.25,242.95,2019-10-11 15:07:30,2019-10-11,15,07
TCS,"1,987.35","2,004.40","1,933.00","1,994.40","1,929.00","2,004.40",2019-10-11 15:07:30,2019-10-11,15,07
KOTMAH,"1,587.60","1,585.85","1,592.00","1,624.90","1,575.75","1,585.85",2019-10-11 15:07:30,2019-10-11,15,07
LARTOU,"1,428.20","1,425.35","1,432.40","1,449.90","1,420.50","1,425.35",2019-10-11 15:07:30,2019-10-11,15,07
HINLEV,"2,004.20","1,967.50","1,995.00","2,016.00","1,976.90","1,967.50",2019-10-11 15:07:30,2019-10-11,15,07
AXIBAN,672.75,672.90,675.10,685.90,668.70,672.90,2019-10-11 15:07:30,2019-10-11,15,07
STABAN,254.85,254.05,256.70,261.40,251.60,254.05,2019-10-11 15:07:30,2019-10-11,15,07
BAJFI,"3,974.00","3,948.45","3,973.00","4,015.00","3,925.20","3,948.45",2019-10-11 15:07:30,2019-10-11,15,07
MARUTI,"6,701.80","6,610.15","6,650.00","6,719.25","6,630.00","6,610.15",2019-10-11 15:07:30,2019-10-11,15,07
INDBA,"1,223.00","1,228.95","1,240.00","1,253.85","1,192.00","1,228.95",2019-10-11 15:07:30,2019-10-11,15,07
ASIPAI,"1,788.50","1,778.45","1,782.00","1,801.60","1,764.55","1,778.45",2019-10-11 15:07:30,2019-10-11,15,07
BHAAIR,381.70,377.40,376.40,383.00,372.55,377.40,2019-10-11 15:07:30,2019-10-11,15,07
HCLTEC,"1,085.60","1,063.65","1,057.80","1,089.85","1,042.50","1,063.65",2019-10-11 15:07:30,2019-10-11,15,07
TITIND,"1,244.30","1,235.00","1,240.00","1,249.00","1,215.10","1,235.00",2019-10-11 15:07:30,2019-10-11,15,07
MAHMAH,560.45,566.55,570.00,575.50,554.30,566.55,2019-10-11 15:07:30,2019-10-11,15,07
BAFINS,"8,190.00","8,201.45","8,224.00","8,328.70","8,106.00","8,201.45",2019-10-11 15:07:30,2019-10-11,15,07
NTPC,116.55,117.10,116.70,118.25,115.95,117.10,2019-10-11 15:07:30,2019-10-11,15,07
NESIND,"14,031.55","13,839.85","13,840.00","14,060.00","13,840.00","13,839.85",2019-10-11 15:07:30,2019-10-11,15,07
POWGRI,201.35,199.15,199.90,204.15,199.00,199.15,2019-10-11 15:07:30,2019-10-11,15,07
ULTCEM,"4,076.40","3,980.55","3,982.00","4,098.80","3,970.00","3,980.55",2019-10-11 15:07:30,2019-10-11,15,07
TECMAH,722.45,710.85,702.50,723.75,698.05,710.85,2019-10-11 15:07:30,2019-10-11,15,07
SUNPHA,385.50,386.95,386.95,388.90,381.60,386.95,2019-10-11 15:07:30,2019-10-11,15,07
ONGC,128.55,125.40,125.45,129.80,125.45,125.40,2019-10-11 15:07:30,2019-10-11,15,07
BAAUTO,"2,902.85","2,888.00","2,878.00","2,924.50","2,878.00","2,888.00",2019-10-11 15:07:30,2019-10-11,15,07
BHARAS,"5,687.60","5,658.30","5,800.00","5,805.80","5,659.35","5,658.30",2019-10-11 15:07:30,2019-10-11,15,07
INDOIL,143.60,148.10,148.00,148.90,140.75,148.10,2019-10-11 15:07:30,2019-10-11,15,07
COALIN,188.80,184.50,185.00,190.20,185.00,184.50,2019-10-11 15:07:30,2019-10-11,15,07
WIPRO,239.50,239.15,237.60,240.00,236.70,239.15,2019-10-11 15:07:30,2019-10-11,15,07
HERHON,"2,596.55","2,601.95","2,618.80","2,634.00","2,568.90","2,601.95",2019-10-11 15:07:30,2019-10-11,15,07
BRIIND,"3,080.00","3,037.45","3,049.00","3,096.90","3,038.10","3,037.45",2019-10-11 15:07:30,2019-10-11,15,07
UNIP,591.00,583.30,582.50,593.00,581.00,583.30,2019-10-11 15:07:30,2019-10-11,15,07
DRREDD,"2,647.65","2,633.45","2,652.35","2,654.85","2,607.80","2,633.45",2019-10-11 15:07:30,2019-10-11,15,07
ADAPOR,409.50,399.95,407.30,409.75,396.10,399.95,2019-10-11 15:07:30,2019-10-11,15,07
GRASIM,692.45,696.15,700.00,705.80,688.25,696.15,2019-10-11 15:07:30,2019-10-11,15,07
VEDLIM,147.00,141.35,142.90,148.20,141.30,141.35,2019-10-11 15:07:30,2019-10-11,15,07
HINDAL,187.00,182.35,184.95,189.05,183.80,182.35,2019-10-11 15:07:30,2019-10-11,15,07
TATSTE,339.30,329.70,333.25,342.50,332.05,329.70,2019-10-11 15:07:30,2019-10-11,15,07
EICMOT,"18,233.70","18,060.05","18,209.20","18,329.75","17,934.00","18,060.05",2019-10-11 15:07:30,2019-10-11,15,07
GAIL,125.05,127.40,127.40,128.60,124.70,127.40,2019-10-11 15:07:30,2019-10-11,15,07
JSWSTE,217.30,213.80,215.50,220.80,212.80,213.80,2019-10-11 15:07:30,2019-10-11,15,07
BHAINF,257.85,256.70,256.70,258.90,252.60,256.70,2019-10-11 15:07:30,2019-10-11,15,07
CIPLA,440.50,422.25,425.00,442.50,389.55,422.25,2019-10-11 15:07:30,2019-10-11,15,07
TATMOT,121.15,116.90,117.70,122.15,117.25,116.90,2019-10-11 15:07:30,2019-10-11,15,07
ZEEENT,242.35,244.95,246.00,249.30,235.10,244.95,2019-10-11 15:07:30,2019-10-11,15,07
YESBAN,39.60,40.95,41.00,41.95,37.00,40.95,2019-10-11 15:07:30,2019-10-11,15,07
BSESEN,"38,127.08","38,127.08","37,994.48","38,345.41","37,737.85","37,880.40",2019-10-11 15:38:48,2019-10-11,15,38
HDFBAN,"1,198.55","1,199.95","1,213.00","1,224.10","1,189.10","1,199.95",2019-10-11 15:38:48,2019-10-11,15,38
RELPET,131.50,130.85,129.00,132.40,127.90,130.85,2019-10-11 15:38:48,2019-10-11,15,38
HDFC,"2,010.05","1,987.75","2,000.00","2,024.90","1,980.80","1,987.75",2019-10-11 15:38:48,2019-10-11,15,38
INFTEC,815.70,782.90,785.95,823.35,777.00,782.90,2019-10-11 15:38:48,2019-10-11,15,38
ICIBAN,428.40,423.70,429.40,433.30,422.15,423.70,2019-10-11 15:38:48,2019-10-11,15,38
ITC,244.10,242.95,243.00,246.20,241.25,242.95,2019-10-11 15:38:48,2019-10-11,15,38
TCS,"1,987.05","2,004.40","1,933.00","1,994.40","1,929.00","2,004.40",2019-10-11 15:38:48,2019-10-11,15,38
KOTMAH,"1,588.10","1,585.85","1,592.00","1,624.90","1,575.75","1,585.85",2019-10-11 15:38:48,2019-10-11,15,38
LARTOU,"1,427.45","1,425.35","1,432.40","1,449.90","1,420.50","1,425.35",2019-10-11 15:38:48,2019-10-11,15,38
HINLEV,"2,004.75","1,967.50","1,995.00","2,016.00","1,976.90","1,967.50",2019-10-11 15:38:48,2019-10-11,15,38
AXIBAN,672.50,672.90,675.10,685.90,668.70,672.90,2019-10-11 15:38:48,2019-10-11,15,38
STABAN,254.50,254.05,256.70,261.40,251.60,254.05,2019-10-11 15:38:48,2019-10-11,15,38
BAJFI,"3,975.70","3,948.45","3,973.00","4,015.00","3,925.20","3,948.45",2019-10-11 15:38:48,2019-10-11,15,38
MARUTI,"6,700.15","6,610.15","6,650.00","6,719.25","6,630.00","6,610.15",2019-10-11 15:38:48,2019-10-11,15,38
INDBA,"1,223.25","1,228.95","1,240.00","1,253.85","1,192.00","1,228.95",2019-10-11 15:38:48,2019-10-11,15,38
ASIPAI,"1,790.00","1,778.45","1,782.00","1,801.60","1,764.55","1,778.45",2019-10-11 15:38:48,2019-10-11,15,38
BHAAIR,382.65,377.40,376.40,385.50,372.55,377.40,2019-10-11 15:38:48,2019-10-11,15,38
HCLTEC,"1,080.15","1,063.65","1,057.80","1,089.85","1,042.50","1,063.65",2019-10-11 15:38:48,2019-10-11,15,38
TITIND,"1,243.25","1,235.00","1,240.00","1,249.00","1,215.10","1,235.00",2019-10-11 15:38:48,2019-10-11,15,38
MAHMAH,559.80,566.55,570.00,575.50,554.30,566.55,2019-10-11 15:38:48,2019-10-11,15,38
BAFINS,"8,159.40","8,201.45","8,224.00","8,328.70","8,106.00","8,201.45",2019-10-11 15:38:48,2019-10-11,15,38
NTPC,116.65,117.10,116.70,118.25,115.95,117.10,2019-10-11 15:38:48,2019-10-11,15,38
NESIND,"14,038.60","13,839.85","13,840.00","14,060.00","13,840.00","13,839.85",2019-10-11 15:38:48,2019-10-11,15,38
POWGRI,201.00,199.15,199.90,204.15,199.00,199.15,2019-10-11 15:38:48,2019-10-11,15,38
ULTCEM,"4,075.80","3,980.55","3,982.00","4,098.80","3,970.00","3,980.55",2019-10-11 15:38:48,2019-10-11,15,38
TECMAH,721.55,710.85,702.50,723.75,698.05,710.85,2019-10-11 15:38:48,2019-10-11,15,38
SUNPHA,386.30,386.95,386.95,388.90,381.60,386.95,2019-10-11 15:38:48,2019-10-11,15,38
ONGC,129.10,125.40,125.45,129.80,125.45,125.40,2019-10-11 15:38:48,2019-10-11,15,38
BAAUTO,"2,898.40","2,888.00","2,878.00","2,924.50","2,878.00","2,888.00",2019-10-11 15:38:48,2019-10-11,15,38
BHARAS,"5,653.65","5,658.30","5,800.00","5,805.80","5,616.40","5,658.30",2019-10-11 15:38:48,2019-10-11,15,38
INDOIL,143.35,148.10,148.00,148.90,140.75,148.10,2019-10-11 15:38:48,2019-10-11,15,38
COALIN,189.05,184.50,185.00,190.20,185.00,184.50,2019-10-11 15:38:48,2019-10-11,15,38
WIPRO,239.35,239.15,237.60,240.25,236.70,239.15,2019-10-11 15:38:48,2019-10-11,15,38
HERHON,"2,596.80","2,601.95","2,618.80","2,634.00","2,568.90","2,601.95",2019-10-11 15:38:48,2019-10-11,15,38
BRIIND,"3,083.65","3,037.45","3,049.00","3,096.90","3,038.10","3,037.45",2019-10-11 15:38:48,2019-10-11,15,38
UNIP,590.10,583.30,582.50,593.00,581.00,583.30,2019-10-11 15:38:48,2019-10-11,15,38
DRREDD,"2,649.30","2,633.45","2,652.35","2,660.70","2,607.80","2,633.45",2019-10-11 15:38:48,2019-10-11,15,38
ADAPOR,408.85,399.95,407.30,410.00,396.10,399.95,2019-10-11 15:38:48,2019-10-11,15,38
GRASIM,691.25,696.15,700.00,705.80,688.25,696.15,2019-10-11 15:38:48,2019-10-11,15,38
VEDLIM,146.95,141.35,142.90,148.20,141.30,141.35,2019-10-11 15:38:48,2019-10-11,15,38
HINDAL,187.15,182.35,184.95,189.05,183.80,182.35,2019-10-11 15:38:48,2019-10-11,15,38
TATSTE,339.40,329.70,333.25,342.50,332.05,329.70,2019-10-11 15:38:48,2019-10-11,15,38
EICMOT,"18,186.30","18,060.05","18,209.20","18,329.75","17,934.00","18,060.05",2019-10-11 15:38:48,2019-10-11,15,38
GAIL,124.80,127.40,127.40,128.60,124.25,127.40,2019-10-11 15:38:48,2019-10-11,15,38
JSWSTE,217.15,213.80,215.50,220.80,212.80,213.80,2019-10-11 15:38:48,2019-10-11,15,38
BHAINF,258.45,256.70,256.70,259.60,252.60,256.70,2019-10-11 15:38:48,2019-10-11,15,38
CIPLA,441.55,422.25,425.00,443.05,389.55,422.25,2019-10-11 15:38:48,2019-10-11,15,38
TATMOT,121.35,116.90,117.70,122.15,117.25,116.90,2019-10-11 15:38:48,2019-10-11,15,38
ZEEENT,242.45,244.95,246.00,249.30,235.10,244.95,2019-10-11 15:38:48,2019-10-11,15,38
YESBAN,39.60,40.95,41.00,41.95,37.00,40.95,2019-10-11 15:38:48,2019-10-11,15,38
